"2023-06-17 12:45 PM;","Read Full Article on https://akash.mittal.blog/web3/2023/6/13/The-AI-Gold-Rush-How-Solution-Providers-Are-Cashing-In.html
It all started when a group of forward-thinking solution providers decided to build artificial intelligence practices years ago. At that time, the concept of generative AI was still in its early stages, but these providers saw the potential and bet on it. Today, their bets are paying off as businesses rush to figure out how to take advantage of generative AI.
One such provider is ABC Solutions, which has been helping businesses harness the power of AI for the past five years. John, the CEO of ABC Solutions, recalls the early days of their AI practice. ""We knew that AI was going to be big, but we didn't know exactly how it was going to evolve. So, we started experimenting and learning as much as we could.""
Now, ABC Solutions has a well-established AI practice and has worked with several clients to develop innovative solutions using generative AI. One of their success stories is with a leading retail chain that wanted to improve their online shopping experience. Using generative AI, ABC Solutions developed a personalized recommendation engine that analyzes customer data and provides product recommendations based on the customer's preferences and past purchases.
Another success story is with a leading healthcare provider that wanted to improve patient outcomes. ABC Solutions developed an AI-powered system that analyzes patient data and provides personalized treatment recommendations. The system has helped the healthcare provider reduce treatment time and improve patient outcomes.
These are just a few examples of how forward-thinking solution providers are cashing in on the AI gold rush. With the demand for generative AI growing rapidly, the market for AI solutions is expected to surge in the coming years. To take advantage of this trend, businesses will need to partner with solution providers that have a proven track record in developing AI solutions.
In conclusion, the AI gold rush is not just a trend, it is the future. Businesses that fail to embrace AI today will be left behind tomorrow. Solution providers that invest in AI today will be well positioned to cash in on the AI gold rush in the coming years.
#trending #AIGoldRush #SolutionProviders #GenerativeAI #BusinessInsights ","","","linkedin","Akash Mittal","","","","","","2023-06-15-14-39-15-141","https://akash.mittal.blog/web3/2023/6/13/The-AI-Gold-Rush-How-Solution-Providers-Are-Cashing-In.html","https://akash.mittal.blog/web3/2023/6/13/images/The-AI-Gold-Rush-How-Solution-Providers-Are-Cashing-In.jpeg"
"2023-06-17 12:45 PM;","Read Full Article on https://akash.mittal.blog/web3/2023/6/13/The-AI-Gold-Rush-How-Solution-Providers-Are-Cashing-In.html
It all started when a group of forward-thinking solution providers decided to build artificial intelligence practices years ago. At that time, the concept of generative AI was still in its early stages, but these providers saw the potential and bet on it. Today, their bets are paying off as businesses rush to figure out how to take advantage of generative AI.
One such provider is ABC Solutions, which has been helping businesses harness the power of AI for the past five years. John, the CEO of ABC Solutions, recalls the early days of their AI practice. ""We knew that AI was going to be big, but we didn't know exactly how it was going to evolve. So, we started experimenting and learning as much as we could.""
Now, ABC Solutions has a well-established AI practice and has worked with several clients to develop innovative solutions using generative AI. One of their success stories is with a leading retail chain that wanted to improve their online shopping experience. Using generative AI, ABC Solutions developed a personalized recommendation engine that analyzes customer data and provides product recommendations based on the customer's preferences and past purchases.
Another success story is with a leading healthcare provider that wanted to improve patient outcomes. ABC Solutions developed an AI-powered system that analyzes patient data and provides personalized treatment recommendations. The system has helped the healthcare provider reduce treatment time and improve patient outcomes.
These are just a few examples of how forward-thinking solution providers are cashing in on the AI gold rush. With the demand for generative AI growing rapidly, the market for AI solutions is expected to surge in the coming years. To take advantage of this trend, businesses will need to partner with solution providers that have a proven track record in developing AI solutions.
In conclusion, the AI gold rush is not just a trend, it is the future. Businesses that fail to embrace AI today will be left behind tomorrow. Solution providers that invest in AI today will be well positioned to cash in on the AI gold rush in the coming years.
#trending #AIGoldRush #SolutionProviders #GenerativeAI #BusinessInsights ","","","Facebook","Transform.ai","","","","","","2023-06-15-14-39-15-141","https://akash.mittal.blog/web3/2023/6/13/The-AI-Gold-Rush-How-Solution-Providers-Are-Cashing-In.html","https://akash.mittal.blog/web3/2023/6/13/images/The-AI-Gold-Rush-How-Solution-Providers-Are-Cashing-In.jpeg"
"2023-06-17 01:00 PM;","Read Full Article on https://akash.mittal.blog/web3/2023/6/13/The-Double-Edged-Sword-of-AI-in-the-Workplace-Boosting-Productivity-or-Busting-Unions.html
Artificial intelligence (AI) technology has revolutionized many aspects of our lives, from healthcare to finance to entertainment. But when it comes to the workplace, AI is both a blessing and a curse, according to experts.

One such expert is Yanis Varoufakis, a prominent economist and professor of economics at the University of Athens. In a recent interview, he warned that companies abroad are considering using AI to monitor the productivity of their staff, which could lead to a backlash from unions and workers who feel their privacy and rights are being violated.

Varoufakis explained that AI algorithms can track and analyze a range of employee metrics such as keystrokes, mouse clicks, website visits, and email communication to determine their level of productivity. This approach, he said, is a form of surveillance that can create a culture of fear and distrust among workers.

But at the same time, he acknowledged that AI can also help to improve working conditions and boost efficiency, especially in industries with high risks or low margins. For example, AI can monitor safety conditions in factories and mines, detect anomalies in financial transactions, or analyze customer data to optimize sales strategies.

The question is, how can companies leverage the benefits of AI without alienating their employees or violating their rights? Here are three key takeaways:
#trending ","","","linkedin","Akash Mittal","","","","","","2023-06-15-14-39-15-141","https://akash.mittal.blog/web3/2023/6/13/The-Double-Edged-Sword-of-AI-in-the-Workplace-Boosting-Productivity-or-Busting-Unions.html","https://akash.mittal.blog/web3/2023/6/13/images/The-Double-Edged-Sword-of-AI-in-the-Workplace-Boosting-Productivity-or-Busting-Unions.jpeg"
"2023-06-17 01:00 PM;","Read Full Article on https://akash.mittal.blog/web3/2023/6/13/The-Double-Edged-Sword-of-AI-in-the-Workplace-Boosting-Productivity-or-Busting-Unions.html
Artificial intelligence (AI) technology has revolutionized many aspects of our lives, from healthcare to finance to entertainment. But when it comes to the workplace, AI is both a blessing and a curse, according to experts.

One such expert is Yanis Varoufakis, a prominent economist and professor of economics at the University of Athens. In a recent interview, he warned that companies abroad are considering using AI to monitor the productivity of their staff, which could lead to a backlash from unions and workers who feel their privacy and rights are being violated.

Varoufakis explained that AI algorithms can track and analyze a range of employee metrics such as keystrokes, mouse clicks, website visits, and email communication to determine their level of productivity. This approach, he said, is a form of surveillance that can create a culture of fear and distrust among workers.

But at the same time, he acknowledged that AI can also help to improve working conditions and boost efficiency, especially in industries with high risks or low margins. For example, AI can monitor safety conditions in factories and mines, detect anomalies in financial transactions, or analyze customer data to optimize sales strategies.

The question is, how can companies leverage the benefits of AI without alienating their employees or violating their rights? Here are three key takeaways:
#trending ","","","Facebook","Transform.ai","","","","","","2023-06-15-14-39-15-141","https://akash.mittal.blog/web3/2023/6/13/The-Double-Edged-Sword-of-AI-in-the-Workplace-Boosting-Productivity-or-Busting-Unions.html","https://akash.mittal.blog/web3/2023/6/13/images/The-Double-Edged-Sword-of-AI-in-the-Workplace-Boosting-Productivity-or-Busting-Unions.jpeg"
"2023-06-17 01:15 PM;","Read Full Article on https://akash.mittal.blog/web3/2023/6/13/The-Lonely-World-of-AI-Researchers-The-Risks-They-Face.html
Imagine a world where chatbots and virtual assistants can converse with us like human beings. It's a fascinating concept, isn't it? But while we're all enjoying the benefits of this technology, have we ever stopped to think about those who work behind the scenes to develop it? According to recent research published by the American Psychological Association, artificial intelligence researchers are facing higher risks of loneliness, insomnia, and drinking.

It may come as a surprise to many, but the truth is, AI researchers work in an incredibly solitary environment. They spend long hours working alone, developing code, and testing out algorithms, with little interaction with others. Even when they do interact with colleagues, it's mostly limited to conversations about work-related issues. They may work with teams remotely, connecting through video conferencing and messaging apps, but it still doesn't substitute for face-to-face interactions that most people crave in their work.

The loneliness that AI researchers experience can lead to mental and emotional stress, which could cause problems like insomnia and drinking. Research shows that those who experience chronic loneliness are at higher risk of developing health issues such as depression, anxiety, and even heart disease.

To put this into perspective, imagine working in a job where you spend hours in front of a screen, with no interaction with anyone, to create something that no one else can understand. It can be mentally taxing, frustrating, and isolating. The problem with this type of work is that it gives the impression of being a solitary profession, which can make it harder for people to seek help when they need it.

Despite these challenges, the field of AI is expanding rapidly and providing benefits that are not possible without it. AI research has led to the development of chatbots, electronic assistants, and other virtual tools that we all use today. These developments are helping people to communicate better with each other and accessing the information they need quicker.
#trending #AIresearchers #mentalhealth #loneliness #AIdevelopment #innovation ","","","linkedin","Akash Mittal","","","","","","2023-06-15-14-39-15-141","https://akash.mittal.blog/web3/2023/6/13/The-Lonely-World-of-AI-Researchers-The-Risks-They-Face.html","https://akash.mittal.blog/web3/2023/6/13/images/The-Lonely-World-of-AI-Researchers-The-Risks-They-Face.jpeg"
"2023-06-17 01:15 PM;","Read Full Article on https://akash.mittal.blog/web3/2023/6/13/The-Lonely-World-of-AI-Researchers-The-Risks-They-Face.html
Imagine a world where chatbots and virtual assistants can converse with us like human beings. It's a fascinating concept, isn't it? But while we're all enjoying the benefits of this technology, have we ever stopped to think about those who work behind the scenes to develop it? According to recent research published by the American Psychological Association, artificial intelligence researchers are facing higher risks of loneliness, insomnia, and drinking.

It may come as a surprise to many, but the truth is, AI researchers work in an incredibly solitary environment. They spend long hours working alone, developing code, and testing out algorithms, with little interaction with others. Even when they do interact with colleagues, it's mostly limited to conversations about work-related issues. They may work with teams remotely, connecting through video conferencing and messaging apps, but it still doesn't substitute for face-to-face interactions that most people crave in their work.

The loneliness that AI researchers experience can lead to mental and emotional stress, which could cause problems like insomnia and drinking. Research shows that those who experience chronic loneliness are at higher risk of developing health issues such as depression, anxiety, and even heart disease.

To put this into perspective, imagine working in a job where you spend hours in front of a screen, with no interaction with anyone, to create something that no one else can understand. It can be mentally taxing, frustrating, and isolating. The problem with this type of work is that it gives the impression of being a solitary profession, which can make it harder for people to seek help when they need it.

Despite these challenges, the field of AI is expanding rapidly and providing benefits that are not possible without it. AI research has led to the development of chatbots, electronic assistants, and other virtual tools that we all use today. These developments are helping people to communicate better with each other and accessing the information they need quicker.
#trending #AIresearchers #mentalhealth #loneliness #AIdevelopment #innovation ","","","Facebook","Transform.ai","","","","","","2023-06-15-14-39-15-141","https://akash.mittal.blog/web3/2023/6/13/The-Lonely-World-of-AI-Researchers-The-Risks-They-Face.html","https://akash.mittal.blog/web3/2023/6/13/images/The-Lonely-World-of-AI-Researchers-The-Risks-They-Face.jpeg"
"2023-06-17 01:30 PM;","Read Full Article on https://akash.mittal.blog/web3/2023/6/13/The-Power-of-AI-Reaches-Politics-The-Ron-DeSantis-Ad-Scandal.html
It was just another usual day for AI (Artificial Intelligence) until it was dragged into the political arena. The recent accusation against Ron DeSantis, the governor of Florida, for using fake AI images of Donald Trump and Dr. Fauci has highlighted a seldom-discussed but critical issue in the current climate of fake news and propaganda. The use of AI in politics has taken a disturbing turn, raising concerns about the ethics and legitimacy of political campaigns.

The story of Ron DeSantis using fake AI images of Donald Trump and Dr. Fauci to promote his political campaign is not an isolated incident. In an age where technology is advancing at an unprecedented pace, political campaigns are not exempt from using innovative techniques like AI for achieving their goals. However, the use of AI in politics raises concerns about the authenticity of the content. It is ethically incorrect to use AI-generated content as a means of propaganda and misleading voters.

The dangers of using fake AI images or videos in political campaigns are multifaceted. Firstly, it undermines the very essence of democracy, which is based on the principle of transparency. Secondly, it sets the stage for more sophisticated and manipulative forms of propaganda, which can be carried out with ease and precision. Thirdly, it can lead to social unrest, resulting in violence and chaos.

The Ron DeSantis ad scandal highlights the need for stringent policies and regulations in the use of AI in politics. The adoption of ethical guidelines and standards in political campaigns should be made mandatory. Moreover, the use of AI-generated content should be transparent and should be labeled accordingly. It is crucial to ensure that voters are made aware of the nature of the content they are being exposed to.

In conclusion, the powerful capabilities of AI have reached politics, with the Ron DeSantis ad scandal being a prime example. The use of AI-generated content in political campaigns raises ethical and moral concerns, and the adoption of stricter policies and regulations is the need of the hour. The truth is the foundation of democracy, and any attempt to undermine it should be met with severe consequences. It is imperative to ensure the legitimacy and authenticity of political campaigns to maintain the integrity of the democratic process.
#trending #RonDeSantis #FakeAIImages #Politics #Democracy #Ethics ","","","linkedin","Akash Mittal","","","","","","2023-06-15-14-39-15-141","https://akash.mittal.blog/web3/2023/6/13/The-Power-of-AI-Reaches-Politics-The-Ron-DeSantis-Ad-Scandal.html","https://akash.mittal.blog/web3/2023/6/13/images/The-Power-of-AI-Reaches-Politics-The-Ron-DeSantis-Ad-Scandal.jpeg"
"2023-06-17 01:30 PM;","Read Full Article on https://akash.mittal.blog/web3/2023/6/13/The-Power-of-AI-Reaches-Politics-The-Ron-DeSantis-Ad-Scandal.html
It was just another usual day for AI (Artificial Intelligence) until it was dragged into the political arena. The recent accusation against Ron DeSantis, the governor of Florida, for using fake AI images of Donald Trump and Dr. Fauci has highlighted a seldom-discussed but critical issue in the current climate of fake news and propaganda. The use of AI in politics has taken a disturbing turn, raising concerns about the ethics and legitimacy of political campaigns.

The story of Ron DeSantis using fake AI images of Donald Trump and Dr. Fauci to promote his political campaign is not an isolated incident. In an age where technology is advancing at an unprecedented pace, political campaigns are not exempt from using innovative techniques like AI for achieving their goals. However, the use of AI in politics raises concerns about the authenticity of the content. It is ethically incorrect to use AI-generated content as a means of propaganda and misleading voters.

The dangers of using fake AI images or videos in political campaigns are multifaceted. Firstly, it undermines the very essence of democracy, which is based on the principle of transparency. Secondly, it sets the stage for more sophisticated and manipulative forms of propaganda, which can be carried out with ease and precision. Thirdly, it can lead to social unrest, resulting in violence and chaos.

The Ron DeSantis ad scandal highlights the need for stringent policies and regulations in the use of AI in politics. The adoption of ethical guidelines and standards in political campaigns should be made mandatory. Moreover, the use of AI-generated content should be transparent and should be labeled accordingly. It is crucial to ensure that voters are made aware of the nature of the content they are being exposed to.

In conclusion, the powerful capabilities of AI have reached politics, with the Ron DeSantis ad scandal being a prime example. The use of AI-generated content in political campaigns raises ethical and moral concerns, and the adoption of stricter policies and regulations is the need of the hour. The truth is the foundation of democracy, and any attempt to undermine it should be met with severe consequences. It is imperative to ensure the legitimacy and authenticity of political campaigns to maintain the integrity of the democratic process.
#trending #RonDeSantis #FakeAIImages #Politics #Democracy #Ethics ","","","Facebook","Transform.ai","","","","","","2023-06-15-14-39-15-141","https://akash.mittal.blog/web3/2023/6/13/The-Power-of-AI-Reaches-Politics-The-Ron-DeSantis-Ad-Scandal.html","https://akash.mittal.blog/web3/2023/6/13/images/The-Power-of-AI-Reaches-Politics-The-Ron-DeSantis-Ad-Scandal.jpeg"
"2023-06-17 01:45 PM;","Read Full Article on https://akash.mittal.blog/web3/2023/6/13/The-Pros-and-Cons-of-ChatGPT-MCCI-Talk.html
ChatGPT was launched in November 2022 and gained over 100 million users worldwide. India is the second largest country using ChatGPT, next to USA in terms of number of users. The Madras Chamber of Commerce and Industry (MCCI) organised a talk on the pros and cons of ChatGPT, given the wide adoption of the platform by Indian users. Here are some highlights of the discussion.
1. Convenience: ChatGPT allows users to connect anytime, anywhere, as long as they have an internet connection. This makes it easier for people to stay in touch with friends and family, as well as reach out to new contacts.
2. Privacy: ChatGPT offers end-to-end encryption of messages, which means that only the sender and receiver can see the content of the conversation. This makes ChatGPT a more secure platform for communication, especially in comparison to other social media platforms where privacy breaches have occurred.
3. Multi-functional: Aside from messaging, ChatGPT offers a range of features, such as voice and video calls, group chats, and file sharing. This makes the platform a versatile tool for both personal and professional communication.
1. Addiction: Like any social media platform, ChatGPT can be addictive, leading users to spend excessive amounts of time on the platform rather than engaging in other activities. This can lead to mental health issues such as anxiety and depression.
2. Fake news: ChatGPT can be a breeding ground for fake news, as users can easily forward messages without fact-checking the information. This can lead to the spread of misinformation, which can have real-world consequences for individuals and society.
3. Cyberbullying: Like other social media platforms, ChatGPT can be a platform for cyberbullying, which can have serious consequences for the victim's mental health. ChatGPT has taken steps to combat this issue by offering tools for users to block and report offenders, but more needs to be done.
Overall, ChatGPT is a versatile platform that offers many advantages for communication and networking. However, it also has its downsides, such as addiction, fake news, and cyberbullying. It is important for users to be aware of these issues and take steps to mitigate them, such as fact-checking information before sharing and setting boundaries for their use of the platform.
One of the participants in the MCCI talk shared a personal anecdote about how ChatGPT had helped them connect with family members living abroad. They said that before ChatGPT, i
#trending #ChatGPT #socialmedia #prosandcons #MCCI ","","","linkedin","Akash Mittal","","","","","","2023-06-15-14-39-15-141","https://akash.mittal.blog/web3/2023/6/13/The-Pros-and-Cons-of-ChatGPT-MCCI-Talk.html","https://akash.mittal.blog/web3/2023/6/13/images/The-Pros-and-Cons-of-ChatGPT-MCCI-Talk.jpeg"
"2023-06-17 01:45 PM;","Read Full Article on https://akash.mittal.blog/web3/2023/6/13/The-Pros-and-Cons-of-ChatGPT-MCCI-Talk.html
ChatGPT was launched in November 2022 and gained over 100 million users worldwide. India is the second largest country using ChatGPT, next to USA in terms of number of users. The Madras Chamber of Commerce and Industry (MCCI) organised a talk on the pros and cons of ChatGPT, given the wide adoption of the platform by Indian users. Here are some highlights of the discussion.
1. Convenience: ChatGPT allows users to connect anytime, anywhere, as long as they have an internet connection. This makes it easier for people to stay in touch with friends and family, as well as reach out to new contacts.
2. Privacy: ChatGPT offers end-to-end encryption of messages, which means that only the sender and receiver can see the content of the conversation. This makes ChatGPT a more secure platform for communication, especially in comparison to other social media platforms where privacy breaches have occurred.
3. Multi-functional: Aside from messaging, ChatGPT offers a range of features, such as voice and video calls, group chats, and file sharing. This makes the platform a versatile tool for both personal and professional communication.
1. Addiction: Like any social media platform, ChatGPT can be addictive, leading users to spend excessive amounts of time on the platform rather than engaging in other activities. This can lead to mental health issues such as anxiety and depression.
2. Fake news: ChatGPT can be a breeding ground for fake news, as users can easily forward messages without fact-checking the information. This can lead to the spread of misinformation, which can have real-world consequences for individuals and society.
3. Cyberbullying: Like other social media platforms, ChatGPT can be a platform for cyberbullying, which can have serious consequences for the victim's mental health. ChatGPT has taken steps to combat this issue by offering tools for users to block and report offenders, but more needs to be done.
Overall, ChatGPT is a versatile platform that offers many advantages for communication and networking. However, it also has its downsides, such as addiction, fake news, and cyberbullying. It is important for users to be aware of these issues and take steps to mitigate them, such as fact-checking information before sharing and setting boundaries for their use of the platform.
One of the participants in the MCCI talk shared a personal anecdote about how ChatGPT had helped them connect with family members living abroad. They said that before ChatGPT, it was difficult to keep in touch with their loved ones due to time differences and expensive international calling rates. However, with ChatGPT, they were able to stay connected more easily and frequently, which had a positive impact on their mental health.
#ChatGPT #socialmedia #prosandcons #MCCI
#trending #ChatGPT #socialmedia #prosandcons #MCCI ","","","Facebook","Transform.ai","","","","","","2023-06-15-14-39-15-141","https://akash.mittal.blog/web3/2023/6/13/The-Pros-and-Cons-of-ChatGPT-MCCI-Talk.html","https://akash.mittal.blog/web3/2023/6/13/images/The-Pros-and-Cons-of-ChatGPT-MCCI-Talk.jpeg"
"2023-06-17 02:00 PM;","Read Full Article on https://akash.mittal.blog/web3/2023/6/13/The-Rise-of-AI-Deepfakes-in-Sextortion-Scams-Fox-News-Warns.html
Learn how to protect yourself from this alarming trend.
The FBI recently issued a warning about the use of artificial intelligence-generated deepfakes in sextortion scams. Since April, there has been a noticeable uptick in victims reporting these types of scams.
Deepfakes are videos or images that have been manipulated using advanced software to replace one person's face with another. In the case of sextortion scams, these deepfakes often involve innocent individuals, such as celebrities or ordinary people, being depicted in compromising sexual positions or engaging in explicit acts.
© YourNameHere
#trending #AIDeepfakes #sextortionscams #FBInews ","","","linkedin","Akash Mittal","","","","","","2023-06-15-14-39-15-141","https://akash.mittal.blog/web3/2023/6/13/The-Rise-of-AI-Deepfakes-in-Sextortion-Scams-Fox-News-Warns.html","https://akash.mittal.blog/web3/2023/6/13/images/The-Rise-of-AI-Deepfakes-in-Sextortion-Scams-Fox-News-Warns.jpeg"
"2023-06-17 02:00 PM;","Read Full Article on https://akash.mittal.blog/web3/2023/6/13/The-Rise-of-AI-Deepfakes-in-Sextortion-Scams-Fox-News-Warns.html
Learn how to protect yourself from this alarming trend.
The FBI recently issued a warning about the use of artificial intelligence-generated deepfakes in sextortion scams. Since April, there has been a noticeable uptick in victims reporting these types of scams.
Deepfakes are videos or images that have been manipulated using advanced software to replace one person's face with another. In the case of sextortion scams, these deepfakes often involve innocent individuals, such as celebrities or ordinary people, being depicted in compromising sexual positions or engaging in explicit acts.
© YourNameHere
#trending #AIDeepfakes #sextortionscams #FBInews ","","","Facebook","Transform.ai","","","","","","2023-06-15-14-39-15-141","https://akash.mittal.blog/web3/2023/6/13/The-Rise-of-AI-Deepfakes-in-Sextortion-Scams-Fox-News-Warns.html","https://akash.mittal.blog/web3/2023/6/13/images/The-Rise-of-AI-Deepfakes-in-Sextortion-Scams-Fox-News-Warns.jpeg"
"2023-06-17 02:15 PM;","Read Full Article on https://akash.mittal.blog/web3/2023/6/13/Thirdweb-Taps-Former-Meta-Exec-for-Gaming-Push-NFTgators.html
Thirdweb, a Web3 infrastructure startup with a focus on gaming, has enlisted the services of a former Meta executive to lead its gaming division. This move is expected to bring increased credibility to the startup and enable it to compete with the big players in the space, such as Immutable and Enjin.
Thirdweb was founded in 2020 by a group of blockchain enthusiasts who wanted to streamline the creation and deployment of blockchain-based applications. The startup has since built a robust infrastructure that simplifies the process of creating and deploying Web3 applications, including decentralized finance (DeFi) dApps and non-fungible token (NFT) marketplaces.
However, Thirdweb identified gaming as a key area for growth and expansion, as games are one of the biggest use cases for NFTs and Web3 technology in general. To spearhead this push into gaming, the startup has recruited a former executive from Meta, the company formerly known as Facebook, to lead its gaming division.
The former Meta executive in question is John Dang, who served as a director of business development at the social media giant. Dang brings a wealth of experience and expertise to Thirdweb, having spent several years at Facebook and a number of other tech companies.
""I'm thrilled to be joining Thirdweb and leading its gaming division,"" Dang said in a statement. ""I believe that blockchain technology has enormous potential to revolutionize the gaming industry, and Thirdweb is well positioned to be a leader in this space.""
The potential for blockchain-based gaming is immense. In addition to enabling new revenue models for developers, NFTs allow for true ownership and transferability of in-game assets, which has been a long-standing issue in traditional gaming. With blockchain technology, gamers can truly own their in-game items and even sell them on secondary markets.
Furthermore, blockchain technology can help ensure the transparency and fairness of in-game economies, reducing the possibility of fraud and cheating. This can lead to increased trust among gamers, which can in turn lead to increased engagement and revenue for game developers.
However, Thirdweb is far from the only company targeting the blockchain-based gaming space. Immutable and Enjin, two of the biggest players in the space, have already developed platforms that allow for easy integration of NFTs and blockchain technology into games.
Other startups, such as Gala Games and The Sandbox, are also developing blockchain
#trending #Thirdweb #Web3 #BlockchainGaming #NFT #Meta #Facebook #GamingDivision #JohnDang #Immutable #Enjin #GalaGames #TheSandbox #Ubisoft #Atari ","","","linkedin","Akash Mittal","","","","","","2023-06-15-14-39-15-141","https://akash.mittal.blog/web3/2023/6/13/Thirdweb-Taps-Former-Meta-Exec-for-Gaming-Push-NFTgators.html","https://akash.mittal.blog/web3/2023/6/13/images/Thirdweb-Taps-Former-Meta-Exec-for-Gaming-Push-NFTgators.jpeg"
"2023-06-17 02:15 PM;","Read Full Article on https://akash.mittal.blog/web3/2023/6/13/Thirdweb-Taps-Former-Meta-Exec-for-Gaming-Push-NFTgators.html
Thirdweb, a Web3 infrastructure startup with a focus on gaming, has enlisted the services of a former Meta executive to lead its gaming division. This move is expected to bring increased credibility to the startup and enable it to compete with the big players in the space, such as Immutable and Enjin.
Thirdweb was founded in 2020 by a group of blockchain enthusiasts who wanted to streamline the creation and deployment of blockchain-based applications. The startup has since built a robust infrastructure that simplifies the process of creating and deploying Web3 applications, including decentralized finance (DeFi) dApps and non-fungible token (NFT) marketplaces.
However, Thirdweb identified gaming as a key area for growth and expansion, as games are one of the biggest use cases for NFTs and Web3 technology in general. To spearhead this push into gaming, the startup has recruited a former executive from Meta, the company formerly known as Facebook, to lead its gaming division.
The former Meta executive in question is John Dang, who served as a director of business development at the social media giant. Dang brings a wealth of experience and expertise to Thirdweb, having spent several years at Facebook and a number of other tech companies.
""I'm thrilled to be joining Thirdweb and leading its gaming division,"" Dang said in a statement. ""I believe that blockchain technology has enormous potential to revolutionize the gaming industry, and Thirdweb is well positioned to be a leader in this space.""
The potential for blockchain-based gaming is immense. In addition to enabling new revenue models for developers, NFTs allow for true ownership and transferability of in-game assets, which has been a long-standing issue in traditional gaming. With blockchain technology, gamers can truly own their in-game items and even sell them on secondary markets.
Furthermore, blockchain technology can help ensure the transparency and fairness of in-game economies, reducing the possibility of fraud and cheating. This can lead to increased trust among gamers, which can in turn lead to increased engagement and revenue for game developers.
However, Thirdweb is far from the only company targeting the blockchain-based gaming space. Immutable and Enjin, two of the biggest players in the space, have already developed platforms that allow for easy integration of NFTs and blockchain technology into games.
Other startups, such as Gala Games and The Sandbox, are also developing blockchain-based games that use NFTs as a core component. And established gaming companies, such as Ubisoft and Atari, are also exploring the potential of blockchain technology in gaming.
Despite the competition, Thirdweb has a strong foundation upon which to build its gaming division. With its focus on Web3 infrastructure and a solid leadership team that includes a former Meta executive, the startup is well positioned to make a splash in the blockchain-based gaming space.
#trending #Thirdweb #Web3 #BlockchainGaming #NFT #Meta #Facebook #GamingDivision #JohnDang #Immutable #Enjin #GalaGames #TheSandbox #Ubisoft #Atari ","","","Facebook","Transform.ai","","","","","","2023-06-15-14-39-15-141","https://akash.mittal.blog/web3/2023/6/13/Thirdweb-Taps-Former-Meta-Exec-for-Gaming-Push-NFTgators.html","https://akash.mittal.blog/web3/2023/6/13/images/Thirdweb-Taps-Former-Meta-Exec-for-Gaming-Push-NFTgators.jpeg"
"2023-06-17 02:30 PM;","Read Full Article on https://akash.mittal.blog/web3/2023/6/13/Three-Injured-in-Second-Glenwood-South-Shooting-in-Three-Months.html
Residents of the Glenwood South neighborhood are reeling after another shooting occurred on West North Street, leaving three people injured. This marks the second shooting to happen in the area in the past three months, and concern among residents is mounting.
For many residents of Glenwood South, the recent shootings have turned what was once a peaceful and vibrant community into a neighborhood on edge. The first shooting, which occurred in May of this year, left one person injured. While some took the incident as a random act of violence, many residents feared that this was a harbinger of things to come.
Unfortunately, their fears were not unfounded. In early August, another shooting occurred just a few blocks away. This time, three people were injured in what police believe was a targeted attack. The perpetrators of both shootings have yet to be apprehended, leaving residents worried and uncertain about their safety.
The shootings have had far-reaching effects on the Glenwood South community. Many residents report feeling anxious and fearful, and some have even been forced to reconsider their plans to stay in the area. Business owners in the neighborhood have also been impacted, with some reporting a decline in foot traffic and patronage as a result of the violence.
But it's not just fear and uncertainty that residents must contend with. The shootings have also highlighted deeper issues within the community, such as inequality, poverty, and gang violence. While some are quick to dismiss these issues as the fault of individuals or groups, others point to systemic factors such as lack of access to education and affordable housing as contributing factors.
As the residents of Glenwood South grapple with the aftermath of the recent shootings, there is a growing sense of urgency for action. While some have called for increased security measures or more police presence in the area, others are advocating for a deeper, more systemic approach to addressing the underlying issues.
Many see the recent shootings as a wake-up call, urging the community to come together and address the root causes of violence and inequality. This might mean investing in education and job training programs, improving access to affordable housing, or supporting community-based initiatives that promote social cohesion and non-violent conflict resolution.
The recent shootings on West North Street have left many residents of Glenwood South feeling anxious, uncertain, and concerned ab
#trending #GlenwoodSouth #RaleighShootings #CommunityAction #NonViolentConflictResolution ","","","linkedin","Akash Mittal","","","","","","2023-06-15-14-39-15-141","https://akash.mittal.blog/web3/2023/6/13/Three-Injured-in-Second-Glenwood-South-Shooting-in-Three-Months.html","https://akash.mittal.blog/web3/2023/6/13/images/Three-Injured-in-Second-Glenwood-South-Shooting-in-Three-Months.jpeg"
"2023-06-17 02:30 PM;","Read Full Article on https://akash.mittal.blog/web3/2023/6/13/Three-Injured-in-Second-Glenwood-South-Shooting-in-Three-Months.html
Residents of the Glenwood South neighborhood are reeling after another shooting occurred on West North Street, leaving three people injured. This marks the second shooting to happen in the area in the past three months, and concern among residents is mounting.
For many residents of Glenwood South, the recent shootings have turned what was once a peaceful and vibrant community into a neighborhood on edge. The first shooting, which occurred in May of this year, left one person injured. While some took the incident as a random act of violence, many residents feared that this was a harbinger of things to come.
Unfortunately, their fears were not unfounded. In early August, another shooting occurred just a few blocks away. This time, three people were injured in what police believe was a targeted attack. The perpetrators of both shootings have yet to be apprehended, leaving residents worried and uncertain about their safety.
The shootings have had far-reaching effects on the Glenwood South community. Many residents report feeling anxious and fearful, and some have even been forced to reconsider their plans to stay in the area. Business owners in the neighborhood have also been impacted, with some reporting a decline in foot traffic and patronage as a result of the violence.
But it's not just fear and uncertainty that residents must contend with. The shootings have also highlighted deeper issues within the community, such as inequality, poverty, and gang violence. While some are quick to dismiss these issues as the fault of individuals or groups, others point to systemic factors such as lack of access to education and affordable housing as contributing factors.
As the residents of Glenwood South grapple with the aftermath of the recent shootings, there is a growing sense of urgency for action. While some have called for increased security measures or more police presence in the area, others are advocating for a deeper, more systemic approach to addressing the underlying issues.
Many see the recent shootings as a wake-up call, urging the community to come together and address the root causes of violence and inequality. This might mean investing in education and job training programs, improving access to affordable housing, or supporting community-based initiatives that promote social cohesion and non-violent conflict resolution.
The recent shootings on West North Street have left many residents of Glenwood South feeling anxious, uncertain, and concerned about the future of their community. But in the face of violence and adversity, there is also hope. By coming together and addressing the root causes of violence and inequality, the residents of Glenwood South can work to create a safer, more equitable, and more just community for all.
#GlenwoodSouth #RaleighShootings #CommunityAction #NonViolentConflictResolution
Glenwood South, Raleigh shootings, community action, non-violent conflict resolution, inequality, poverty, gang violence
#trending #GlenwoodSouth #RaleighShootings #CommunityAction #NonViolentConflictResolution ","","","Facebook","Transform.ai","","","","","","2023-06-15-14-39-15-141","https://akash.mittal.blog/web3/2023/6/13/Three-Injured-in-Second-Glenwood-South-Shooting-in-Three-Months.html","https://akash.mittal.blog/web3/2023/6/13/images/Three-Injured-in-Second-Glenwood-South-Shooting-in-Three-Months.jpeg"
"2023-06-17 02:45 PM;","Read Full Article on https://akash.mittal.blog/web3/2023/6/13/UK-to-Get-Early-or-Priority-Access-to-AI-Models-from-Google-and-OpenAI.html
The United Kingdom has been granted a unique opportunity to preview and shape the future of artificial intelligence. Tech giants Google DeepMind, OpenAI and Anthropic have offered the U.K. early or priority access to new AI models that they are developing. This is a significant development as it offers the U.K. a chance to be at the forefront of new breakthroughs in AI and to guide the development of this technology in a responsible and ethical way.
John is a professor of computer science at a leading university in the U.K. He is looking forward to working with OpenAI's ""GPT-3"" model to research how AI can be used to improve educational material. With early access, he hopes to shape the technology in a way that will support online learning and ensure that students have access to high-quality education regardless of their background or resources.
Simone is a data scientist working for a health care provider. She is excited about the opportunity to work with Google DeepMind's ""AlphaFold"" to develop new treatments and medications. With early access, she hopes to collaborate with other scientists and developers to find new ways to improve public health and to help save lives.
#trending #UKAI #GoogleDeepMind #OpenAI #Anthropic #ArtificialIntelligence ","","","linkedin","Akash Mittal","","","","","","2023-06-15-14-39-15-141","https://akash.mittal.blog/web3/2023/6/13/UK-to-Get-Early-or-Priority-Access-to-AI-Models-from-Google-and-OpenAI.html","https://akash.mittal.blog/web3/2023/6/13/images/UK-to-Get-Early-or-Priority-Access-to-AI-Models-from-Google-and-OpenAI.jpeg"
"2023-06-17 02:45 PM;","Read Full Article on https://akash.mittal.blog/web3/2023/6/13/UK-to-Get-Early-or-Priority-Access-to-AI-Models-from-Google-and-OpenAI.html
The United Kingdom has been granted a unique opportunity to preview and shape the future of artificial intelligence. Tech giants Google DeepMind, OpenAI and Anthropic have offered the U.K. early or priority access to new AI models that they are developing. This is a significant development as it offers the U.K. a chance to be at the forefront of new breakthroughs in AI and to guide the development of this technology in a responsible and ethical way.
John is a professor of computer science at a leading university in the U.K. He is looking forward to working with OpenAI's ""GPT-3"" model to research how AI can be used to improve educational material. With early access, he hopes to shape the technology in a way that will support online learning and ensure that students have access to high-quality education regardless of their background or resources.
Simone is a data scientist working for a health care provider. She is excited about the opportunity to work with Google DeepMind's ""AlphaFold"" to develop new treatments and medications. With early access, she hopes to collaborate with other scientists and developers to find new ways to improve public health and to help save lives.
#trending #UKAI #GoogleDeepMind #OpenAI #Anthropic #ArtificialIntelligence ","","","Facebook","Transform.ai","","","","","","2023-06-15-14-39-15-141","https://akash.mittal.blog/web3/2023/6/13/UK-to-Get-Early-or-Priority-Access-to-AI-Models-from-Google-and-OpenAI.html","https://akash.mittal.blog/web3/2023/6/13/images/UK-to-Get-Early-or-Priority-Access-to-AI-Models-from-Google-and-OpenAI.jpeg"
"2023-06-17 03:00 PM;","Read Full Article on https://akash.mittal.blog/web3/2023/6/13/Walmart-Initiates-Accelerator-Program-for-Web3-Startups-Startup-Story.html
In 2017, Walmart introduced Store No.8, an innovation hub that aimed to develop and test cutting-edge commerce technologies. One of the key initiatives of Store No.8 is its accelerator program for web3 startups.
The program provides selected startups with access to Walmart's vast resources, including mentorship from experienced executives, funding, and opportunities to test their technologies in Walmart's physical stores. The startups, in turn, collaborate with Walmart on projects that aim to enhance the retail experience for customers.
The accelerator program is a part of Walmart's larger strategy to stay ahead of the curve in the rapidly evolving retail landscape. By partnering with innovative startups, the company hopes to experiment with new technologies and get a head start on the future of retail.
One of the most successful startups to emerge from the accelerator program is Spatial&, a virtual reality (VR) company that creates immersive shopping experiences. Walmart collaborated with Spatial& to develop a VR showroom that allows customers to explore and interact with home decor products before making a purchase.
Another startup, Flytrex, is working with Walmart on a drone delivery pilot program. The program is aimed at providing faster and more efficient delivery options for customers, especially those in rural areas.
Other startups that have participated in the program include Bazaarvoice, a platform for customer-generated content; Inkling, a mobile learning platform for retail employees; and Project Franklin, a blockchain-based system for managing supply chain data.
Walmart's accelerator program for web3 startups is an excellent example of how large companies can stay ahead of the curve by partnering with innovative startups. By providing resources and opportunities to collaborate on projects, Walmart is able to experiment with new technologies and potentially develop new solutions that enhance the retail experience for customers.
If you are a startup in the web3 space, consider applying to Walmart's accelerator program or other similar programs offered by large corporations. You could gain access to mentorship, funding, and valuable partnerships that could drive your business forward.
Have you participated in an accelerator program before? Share your experience in the comments below!
References:
#trending #Walmart #StoreNo8 #acceleratorprogram #startups #web3 #virtualreality #dronedelivery ","","","linkedin","Akash Mittal","","","","","","2023-06-15-14-39-15-141","https://akash.mittal.blog/web3/2023/6/13/Walmart-Initiates-Accelerator-Program-for-Web3-Startups-Startup-Story.html","https://akash.mittal.blog/web3/2023/6/13/images/Walmart-Initiates-Accelerator-Program-for-Web3-Startups-Startup-Story.jpeg"
"2023-06-17 03:00 PM;","Read Full Article on https://akash.mittal.blog/web3/2023/6/13/Walmart-Initiates-Accelerator-Program-for-Web3-Startups-Startup-Story.html
In 2017, Walmart introduced Store No.8, an innovation hub that aimed to develop and test cutting-edge commerce technologies. One of the key initiatives of Store No.8 is its accelerator program for web3 startups.
The program provides selected startups with access to Walmart's vast resources, including mentorship from experienced executives, funding, and opportunities to test their technologies in Walmart's physical stores. The startups, in turn, collaborate with Walmart on projects that aim to enhance the retail experience for customers.
The accelerator program is a part of Walmart's larger strategy to stay ahead of the curve in the rapidly evolving retail landscape. By partnering with innovative startups, the company hopes to experiment with new technologies and get a head start on the future of retail.
One of the most successful startups to emerge from the accelerator program is Spatial&, a virtual reality (VR) company that creates immersive shopping experiences. Walmart collaborated with Spatial& to develop a VR showroom that allows customers to explore and interact with home decor products before making a purchase.
Another startup, Flytrex, is working with Walmart on a drone delivery pilot program. The program is aimed at providing faster and more efficient delivery options for customers, especially those in rural areas.
Other startups that have participated in the program include Bazaarvoice, a platform for customer-generated content; Inkling, a mobile learning platform for retail employees; and Project Franklin, a blockchain-based system for managing supply chain data.
Walmart's accelerator program for web3 startups is an excellent example of how large companies can stay ahead of the curve by partnering with innovative startups. By providing resources and opportunities to collaborate on projects, Walmart is able to experiment with new technologies and potentially develop new solutions that enhance the retail experience for customers.
If you are a startup in the web3 space, consider applying to Walmart's accelerator program or other similar programs offered by large corporations. You could gain access to mentorship, funding, and valuable partnerships that could drive your business forward.
Have you participated in an accelerator program before? Share your experience in the comments below!
References:
#trending #Walmart #StoreNo8 #acceleratorprogram #startups #web3 #virtualreality #dronedelivery ","","","Facebook","Transform.ai","","","","","","2023-06-15-14-39-15-141","https://akash.mittal.blog/web3/2023/6/13/Walmart-Initiates-Accelerator-Program-for-Web3-Startups-Startup-Story.html","https://akash.mittal.blog/web3/2023/6/13/images/Walmart-Initiates-Accelerator-Program-for-Web3-Startups-Startup-Story.jpeg"
"2023-06-17 03:15 PM;","Read Full Article on https://akash.mittal.blog/web3/2023/6/13/Web3-Foundation-Leads-the-Music-Industry-s-Headway-into-Web3-Ecosystem.html
Once upon a time, music industry stakeholders had endless meetings, protests, and court battles against streaming platforms they believed were financially exploiting them. However, emerging technologies such as blockchain, smart contracts, and NFTs (Non-Fungible Tokens) are precipitating an industry shift towards Web3, a decentralized ecosystem that thrives upon transparency, inclusivity, and fair monetary compensation.
The Web3 ecosystem is essentially a decentralized digital economy that fosters a peer-to-peer connection between users without relying on intermediaries or profit-seeking middlemen who monetize user data for their financial benefit. The ecosystem uses blockchain technology, smart contracts, and other innovative Web3 technologies to build trust and transparency in transactions and communications.
The basic principle of Web3 is decentralization, which means a distributed network of devices that collectively create and store systems and applications. Decentralization eliminates server-based monopolies, enabling users to enjoy secure, transparent, and user-controlled platforms, which allows the democratization of information sharing and collaboration processes.
The music industry can particularly benefit from the Web3 ecosystem given its historical challenges, from copyright infringement to revenue sharing disparities. Web3 can address some of these grievances by providing a transparent and decentralized infrastructure that ensures all stakeholders enjoy a fair share of the revenues.
On the one hand, NFTs are digital collectibles whose ownership is authenticated on a blockchain. The music industry can use NFTs to monetize unreleased music, concert tickets, and various other fan experiences that can be tokenized and sold as unique digital assets.
Notably, Kings of Leon made history earlier this year by being the first band to release an entire album as an NFT. The album received 35,000 unique NFT buyers, underlining the increasing demand for music NFTs as a new way of distributing music content that benefits artists, fans, and investors.
On the other hand, smart contracts are self-executing codes embedded on a blockchain that automatically execute contract terms between two parties. In the music industry, smart contracts enable artists to automatically receive royalties every time their music is streamed. This removes intermediaries like music publishers and aggregators who often demand commissions up to 30%, leaving artists with little to
#trending #Web3 #MusicIndustry #NFTs #SmartContracts #ArtistTokens #Blockchain #Decentralization #RevenueSharing #TDE ","","","linkedin","Akash Mittal","","","","","","2023-06-15-14-39-15-141","https://akash.mittal.blog/web3/2023/6/13/Web3-Foundation-Leads-the-Music-Industry-s-Headway-into-Web3-Ecosystem.html","https://akash.mittal.blog/web3/2023/6/13/images/Web3-Foundation-Leads-the-Music-Industry-s-Headway-into-Web3-Ecosystem.jpeg"
"2023-06-17 03:15 PM;","Read Full Article on https://akash.mittal.blog/web3/2023/6/13/Web3-Foundation-Leads-the-Music-Industry-s-Headway-into-Web3-Ecosystem.html
Once upon a time, music industry stakeholders had endless meetings, protests, and court battles against streaming platforms they believed were financially exploiting them. However, emerging technologies such as blockchain, smart contracts, and NFTs (Non-Fungible Tokens) are precipitating an industry shift towards Web3, a decentralized ecosystem that thrives upon transparency, inclusivity, and fair monetary compensation.
The Web3 ecosystem is essentially a decentralized digital economy that fosters a peer-to-peer connection between users without relying on intermediaries or profit-seeking middlemen who monetize user data for their financial benefit. The ecosystem uses blockchain technology, smart contracts, and other innovative Web3 technologies to build trust and transparency in transactions and communications.
The basic principle of Web3 is decentralization, which means a distributed network of devices that collectively create and store systems and applications. Decentralization eliminates server-based monopolies, enabling users to enjoy secure, transparent, and user-controlled platforms, which allows the democratization of information sharing and collaboration processes.
The music industry can particularly benefit from the Web3 ecosystem given its historical challenges, from copyright infringement to revenue sharing disparities. Web3 can address some of these grievances by providing a transparent and decentralized infrastructure that ensures all stakeholders enjoy a fair share of the revenues.
On the one hand, NFTs are digital collectibles whose ownership is authenticated on a blockchain. The music industry can use NFTs to monetize unreleased music, concert tickets, and various other fan experiences that can be tokenized and sold as unique digital assets.
Notably, Kings of Leon made history earlier this year by being the first band to release an entire album as an NFT. The album received 35,000 unique NFT buyers, underlining the increasing demand for music NFTs as a new way of distributing music content that benefits artists, fans, and investors.
On the other hand, smart contracts are self-executing codes embedded on a blockchain that automatically execute contract terms between two parties. In the music industry, smart contracts enable artists to automatically receive royalties every time their music is streamed. This removes intermediaries like music publishers and aggregators who often demand commissions up to 30%, leaving artists with little to no income.
.Music, a domain name extension exclusively reserved for music, is one of the music industry's most significant Web3 projects aimed at mitigating copyright issues. The platform allows artists to pre-register their intellectual property rights to prevent copyright infringement by other parties. Through smart contracts, .Music ensures the fair distribution of revenues between stakeholders using a transparent and incentivizing system.
Furthermore, artists can issue their tokens to facilitate transactions in their ecosystem, enabling them to crowdsource funds, sell merchandise, and distribute revenues to their teams and fans. Artist tokens are beneficial for fans as they can trade tokens with other fans, access exclusive content, and receive revenue sharing that reflects the token's value.
TDE, a renowned hip-hop label, issued its fan token, TDE, to reward fans for their loyalty and engagement. TDE's token holders have an inclusive voice in decision-making processes, such as artist collaborations and merchandise designs. Additionally, fans holding TDE tokens receive access to exclusive content, merchandise, and live events.
#trending #Web3 #MusicIndustry #NFTs #SmartContracts #ArtistTokens #Blockchain #Decentralization #RevenueSharing #TDE ","","","Facebook","Transform.ai","","","","","","2023-06-15-14-39-15-141","https://akash.mittal.blog/web3/2023/6/13/Web3-Foundation-Leads-the-Music-Industry-s-Headway-into-Web3-Ecosystem.html","https://akash.mittal.blog/web3/2023/6/13/images/Web3-Foundation-Leads-the-Music-Industry-s-Headway-into-Web3-Ecosystem.jpeg"
"2023-06-17 03:30 PM;","Read Full Article on https://akash.mittal.blog/web3/2023/6/13/WeWork-s-Chinese-unit-eyes-Hong-Kong-expansion-with-growing-demand-from-Web3-and-crypto-firms.html
WeWork's minority-owned China unit is looking to expand its presence in Hong Kong as demand from Web3 and crypto firms increases alongside the reopening of mainland borders. Trustbridge Partners, a Shanghai-based investment firm, holds the majority 51% stake in the unit, while WeWork Global holds a minority stake.
According to recent reports, more and more Chinese firms are seeking out flexible office spaces in Hong Kong. These spaces offer them more cost-effective and efficient options to establish a presence and carry out their business operations. As a result, WeWork's Chinese unit is now planning to expand its operations in Hong Kong to cater to the growing demand from these firms.
One prime example of a Chinese firm turning to flexible office spaces in Hong Kong is Bitmain, one of the world's leading cryptocurrency mining firms. The company had initially set up an office in Hong Kong in 2018 but later moved to a WeWork location in the city. WeWork's flexible office spaces allowed Bitmain to easily scale up or down its operations as per its needs, and the company no longer had to bear the high costs of maintaining a fixed office location.
Another example is Huobi, a cryptocurrency exchange that also operates in Hong Kong. The company had reportedly leased a 20,000-square-foot office space in Wan Chai, a prime location in the city, at a rent of HKD 1.5 million per month. However, with the current market volatility and unpredictability of the crypto industry, Huobi has now turned to flexible office space providers to explore more cost-effective options for its operations.
One entrepreneur from China, who wished to remain anonymous, shared his experience of setting up an office in Hong Kong. He said that the high costs of leasing an office space and hiring staff posed a significant challenge for his startup. However, by choosing a flexible office space, he was able to overcome these challenges and establish a foothold in the city.
Another case study involves a Hong Kong-based startup that chose WeWork's flexible office space for its new venture. The company was able to quickly scale up its operations and hire new staff when it received funding from investors.
#trending #WeWorkChina #HongKongFlexibleOffices #Web3 #CryptoFirms ","","","linkedin","Akash Mittal","","","","","","2023-06-15-14-39-15-141","https://akash.mittal.blog/web3/2023/6/13/WeWork-s-Chinese-unit-eyes-Hong-Kong-expansion-with-growing-demand-from-Web3-and-crypto-firms.html","https://akash.mittal.blog/web3/2023/6/13/images/WeWork-s-Chinese-unit-eyes-Hong-Kong-expansion-with-growing-demand-from-Web3-and-crypto-firms.jpeg"
"2023-06-17 03:30 PM;","Read Full Article on https://akash.mittal.blog/web3/2023/6/13/WeWork-s-Chinese-unit-eyes-Hong-Kong-expansion-with-growing-demand-from-Web3-and-crypto-firms.html
WeWork's minority-owned China unit is looking to expand its presence in Hong Kong as demand from Web3 and crypto firms increases alongside the reopening of mainland borders. Trustbridge Partners, a Shanghai-based investment firm, holds the majority 51% stake in the unit, while WeWork Global holds a minority stake.
According to recent reports, more and more Chinese firms are seeking out flexible office spaces in Hong Kong. These spaces offer them more cost-effective and efficient options to establish a presence and carry out their business operations. As a result, WeWork's Chinese unit is now planning to expand its operations in Hong Kong to cater to the growing demand from these firms.
One prime example of a Chinese firm turning to flexible office spaces in Hong Kong is Bitmain, one of the world's leading cryptocurrency mining firms. The company had initially set up an office in Hong Kong in 2018 but later moved to a WeWork location in the city. WeWork's flexible office spaces allowed Bitmain to easily scale up or down its operations as per its needs, and the company no longer had to bear the high costs of maintaining a fixed office location.
Another example is Huobi, a cryptocurrency exchange that also operates in Hong Kong. The company had reportedly leased a 20,000-square-foot office space in Wan Chai, a prime location in the city, at a rent of HKD 1.5 million per month. However, with the current market volatility and unpredictability of the crypto industry, Huobi has now turned to flexible office space providers to explore more cost-effective options for its operations.
One entrepreneur from China, who wished to remain anonymous, shared his experience of setting up an office in Hong Kong. He said that the high costs of leasing an office space and hiring staff posed a significant challenge for his startup. However, by choosing a flexible office space, he was able to overcome these challenges and establish a foothold in the city.
Another case study involves a Hong Kong-based startup that chose WeWork's flexible office space for its new venture. The company was able to quickly scale up its operations and hire new staff when it received funding from investors.
#trending #WeWorkChina #HongKongFlexibleOffices #Web3 #CryptoFirms ","","","Facebook","Transform.ai","","","","","","2023-06-15-14-39-15-141","https://akash.mittal.blog/web3/2023/6/13/WeWork-s-Chinese-unit-eyes-Hong-Kong-expansion-with-growing-demand-from-Web3-and-crypto-firms.html","https://akash.mittal.blog/web3/2023/6/13/images/WeWork-s-Chinese-unit-eyes-Hong-Kong-expansion-with-growing-demand-from-Web3-and-crypto-firms.jpeg"
"2023-06-17 03:45 PM;","Read Full Article on https://akash.mittal.blog/web3/2023/6/13/What-is-an-HTTP-Cookie-Everything-You-Need-to-Know.html
Have you ever visited a website and got bombarded with ads related to something you searched for earlier? Or wondered how online shopping sites remember what you put in your cart even after closing the website? This is where HTTP cookies come into the picture.
An HTTP cookie is a small text file that a website stores on your device when you visit it. It contains information about your interaction with the website, such as the pages you visited, items you added to your cart, and your login credentials.
Cookies can be classified into two types: session and persistent. A session cookie gets deleted as soon as you close the website, while a persistent cookie stays on your device for a longer period. Persistent cookies can be used for various purposes, such as keeping you logged in across different sessions or showing you personalized content.
When you visit a website, your web browser sends a request to the server for the webpage. Along with this request, it also sends any cookies that belong to that website. The server can read the cookie and use the information contained within it to customize the webpage for you.
For example, if you visit an online shopping website and add some items to your cart, a cookie is created that contains the details of the items you selected. If you close the website and come back later, the website can read the cookie and show you the items in your cart. This is how the website remembers what you added to your cart even after closing it.
Cookies are used by websites to track your browsing behavior and show you relevant content and ads. For example, if you search for a product on Google, you may see ads related to that product on other websites you visit. This is because Google uses cookies to track your search history and show you personalized ads.
However, cookies can also be used to collect your personal information, such as your name, email address, and browsing history. This information can be used by marketers to target you with ads or sold to third-party companies for profit. This is why it's important to be aware of the cookies you allow on your device and to regularly clear them.
As a user, it's important to be aware of the cookies you allow on your device and to regularly clear them to protect your privacy.
#trending #HTTPCookies #OnlinePrivacy #InternetSecurity ","","","linkedin","Akash Mittal","","","","","","2023-06-15-14-39-15-141","https://akash.mittal.blog/web3/2023/6/13/What-is-an-HTTP-Cookie-Everything-You-Need-to-Know.html","https://akash.mittal.blog/web3/2023/6/13/images/What-is-an-HTTP-Cookie-Everything-You-Need-to-Know.jpeg"
"2023-06-17 03:45 PM;","Read Full Article on https://akash.mittal.blog/web3/2023/6/13/What-is-an-HTTP-Cookie-Everything-You-Need-to-Know.html
Have you ever visited a website and got bombarded with ads related to something you searched for earlier? Or wondered how online shopping sites remember what you put in your cart even after closing the website? This is where HTTP cookies come into the picture.
An HTTP cookie is a small text file that a website stores on your device when you visit it. It contains information about your interaction with the website, such as the pages you visited, items you added to your cart, and your login credentials.
Cookies can be classified into two types: session and persistent. A session cookie gets deleted as soon as you close the website, while a persistent cookie stays on your device for a longer period. Persistent cookies can be used for various purposes, such as keeping you logged in across different sessions or showing you personalized content.
When you visit a website, your web browser sends a request to the server for the webpage. Along with this request, it also sends any cookies that belong to that website. The server can read the cookie and use the information contained within it to customize the webpage for you.
For example, if you visit an online shopping website and add some items to your cart, a cookie is created that contains the details of the items you selected. If you close the website and come back later, the website can read the cookie and show you the items in your cart. This is how the website remembers what you added to your cart even after closing it.
Cookies are used by websites to track your browsing behavior and show you relevant content and ads. For example, if you search for a product on Google, you may see ads related to that product on other websites you visit. This is because Google uses cookies to track your search history and show you personalized ads.
However, cookies can also be used to collect your personal information, such as your name, email address, and browsing history. This information can be used by marketers to target you with ads or sold to third-party companies for profit. This is why it's important to be aware of the cookies you allow on your device and to regularly clear them.
As a user, it's important to be aware of the cookies you allow on your device and to regularly clear them to protect your privacy.
#trending #HTTPCookies #OnlinePrivacy #InternetSecurity ","","","Facebook","Transform.ai","","","","","","2023-06-15-14-39-15-141","https://akash.mittal.blog/web3/2023/6/13/What-is-an-HTTP-Cookie-Everything-You-Need-to-Know.html","https://akash.mittal.blog/web3/2023/6/13/images/What-is-an-HTTP-Cookie-Everything-You-Need-to-Know.jpeg"
"2023-06-17 04:00 PM;","Read Full Article on https://akash.mittal.blog/web3/2023/6/13/Why-ChatGPT-could-Lead-to-a-Two-Tier-Healthcare-System.html
Imagine you are feeling unwell and you decide to seek medical advice. However, instead of going to your doctor's office, you decide to use an AI-enabled healthcare system called ChatGPT. You log in and start answering a series of questions about your symptoms. After a few minutes, the system diagnoses you with a mild case of flu and prescribes some medication.
You are relieved that you don't have to leave your house and you didn't have to wait for an appointment. In fact, you are so impressed with ChatGPT that you decide to use it for all your future medical needs.
However, what you don't realize is that by relying solely on ChatGPT, you could be contributing to the creation of a 'two-tier' healthcare system.
AI-enabled healthcare systems like ChatGPT are becoming increasingly popular because they promise to reduce healthcare costs and improve efficiency. However, this comes at a cost. By relying on these systems, patients may be missing the opportunity to receive personalized care and develop trusting relationships with their healthcare providers.
Moreover, these systems are not available to everyone. Patients who lack access to technology or who have limited digital literacy may not be able to use ChatGPT or similar systems. Therefore, by relying on these systems, we risk creating a 'two-tier' healthcare system where some patients have access to cutting-edge technology while others are left behind.
Finally, these systems may not be fully interoperable with other healthcare technologies. For example, if a patient uses ChatGPT to receive a diagnosis, the system may not be able to automatically send that information to the patient's electronic health record. This could result in fragmented care and reduce the quality of the care patients receive.
AI-enabled healthcare systems like ChatGPT may be useful in certain circumstances, but we must be careful not to rely on them too heavily. We also need to ensure that they are available to everyone and that they are fully interoperable with other healthcare technologies.
Personalized care and trust-based relationships between patients and healthcare providers are important for achieving good health outcomes. These cannot be replaced by technology. Therefore, we must use AI-enabled healthcare systems like ChatGPT as a complementary tool rather than a replacement for traditional healthcare.
As we move towards a more digital healthcare system, it's important that we don't leave anyone behind. We must ensure th
#trending #healthcare #AI #ChatGPT #interoperability #fairness ","","","linkedin","Akash Mittal","","","","","","2023-06-15-14-39-15-141","https://akash.mittal.blog/web3/2023/6/13/Why-ChatGPT-could-Lead-to-a-Two-Tier-Healthcare-System.html","https://akash.mittal.blog/web3/2023/6/13/images/Why-ChatGPT-could-Lead-to-a-Two-Tier-Healthcare-System.jpeg"
"2023-06-17 04:00 PM;","Read Full Article on https://akash.mittal.blog/web3/2023/6/13/Why-ChatGPT-could-Lead-to-a-Two-Tier-Healthcare-System.html
Imagine you are feeling unwell and you decide to seek medical advice. However, instead of going to your doctor's office, you decide to use an AI-enabled healthcare system called ChatGPT. You log in and start answering a series of questions about your symptoms. After a few minutes, the system diagnoses you with a mild case of flu and prescribes some medication.
You are relieved that you don't have to leave your house and you didn't have to wait for an appointment. In fact, you are so impressed with ChatGPT that you decide to use it for all your future medical needs.
However, what you don't realize is that by relying solely on ChatGPT, you could be contributing to the creation of a 'two-tier' healthcare system.
AI-enabled healthcare systems like ChatGPT are becoming increasingly popular because they promise to reduce healthcare costs and improve efficiency. However, this comes at a cost. By relying on these systems, patients may be missing the opportunity to receive personalized care and develop trusting relationships with their healthcare providers.
Moreover, these systems are not available to everyone. Patients who lack access to technology or who have limited digital literacy may not be able to use ChatGPT or similar systems. Therefore, by relying on these systems, we risk creating a 'two-tier' healthcare system where some patients have access to cutting-edge technology while others are left behind.
Finally, these systems may not be fully interoperable with other healthcare technologies. For example, if a patient uses ChatGPT to receive a diagnosis, the system may not be able to automatically send that information to the patient's electronic health record. This could result in fragmented care and reduce the quality of the care patients receive.
AI-enabled healthcare systems like ChatGPT may be useful in certain circumstances, but we must be careful not to rely on them too heavily. We also need to ensure that they are available to everyone and that they are fully interoperable with other healthcare technologies.
Personalized care and trust-based relationships between patients and healthcare providers are important for achieving good health outcomes. These cannot be replaced by technology. Therefore, we must use AI-enabled healthcare systems like ChatGPT as a complementary tool rather than a replacement for traditional healthcare.
As we move towards a more digital healthcare system, it's important that we don't leave anyone behind. We must ensure that all patients have access to the tools they need to achieve good health outcomes. In doing so, we can avoid the creation of a 'two-tier' healthcare system and improve healthcare for all.
References:
#trending #healthcare #AI #ChatGPT #interoperability #fairness ","","","Facebook","Transform.ai","","","","","","2023-06-15-14-39-15-141","https://akash.mittal.blog/web3/2023/6/13/Why-ChatGPT-could-Lead-to-a-Two-Tier-Healthcare-System.html","https://akash.mittal.blog/web3/2023/6/13/images/Why-ChatGPT-could-Lead-to-a-Two-Tier-Healthcare-System.jpeg"
"2023-06-17 04:15 PM;","Read Full Article on https://akash.mittal.blog/web3/2023/6/13/Why-ChatGPT-might-not-be-a-reliable-source-for-urology-information.html
Recently, many people have been turning towards Chatbots as a source of information. These chatbots, programmed by AI, aim to provide medical advice and information. However, when it comes to urology, ChatGPT, one of the most popular chatbots, may not be as reliable a source of information as we previously thought.
Christopher M. Deibert, MD, MPH, has pointed out that ChatGPT has a low rate of correct answers regarding clinical questions in urologic practice. While AI may be able to process a vast amount of information, it may not always be able to understand the nuances of the medical field.
One of the reasons for this low rate of correct answers is due to the fact that ChatGPT is not a certified medical practitioner. Urologists and other healthcare professionals have extensive training, which allows them to diagnose and treat patients. They examine patients in person and take into account various physical factors and subjective factors that can affect medical diagnosis. Chatbots, on the other hand, do not have any physical interaction with patients and solely rely on programmed algorithms to interpret data.
Moreover, ChatGPT's responses are based on data it has been programmed with, which can be outdated or incomplete. Medical information and techniques are constantly evolving, and this can cause confusion for patients who rely solely on chatbots for answers to their medical concerns.
ChatGPT not only has a low rate of correct answers regarding clinical questions in urologic practice, but it also makes certain types of errors that pose a risk of spreading medical misinformation. Patients who turn to Chatbots for medical advice may put their health at risk by relying on inaccurate medical information. The medical community has concerns about the reliability of these AI-powered chatbots, especially when it comes to interpreting medical scan results and advising on appropriate treatments and medications.
In conclusion, while AI-powered chatbots such as ChatGPT are a great way to quickly access medical information, they are not a substitute for in-person medical advice from certified medical practitioners. Patients should always consult their urologist or other qualified medical professionals for a personal and thorough examination and consultation to receive accurate medical advice. Using chatbots or online medical information without consulting a trained healthcare professional can be risky and may lead to inaccurate information, incorrect diagnosis, 
#trending #urology #ChatGPT #medicalinformation #medicalmisinformation ","","","linkedin","Akash Mittal","","","","","","2023-06-15-14-39-15-141","https://akash.mittal.blog/web3/2023/6/13/Why-ChatGPT-might-not-be-a-reliable-source-for-urology-information.html","https://akash.mittal.blog/web3/2023/6/13/images/Why-ChatGPT-might-not-be-a-reliable-source-for-urology-information.jpeg"
"2023-06-17 04:15 PM;","Read Full Article on https://akash.mittal.blog/web3/2023/6/13/Why-ChatGPT-might-not-be-a-reliable-source-for-urology-information.html
Recently, many people have been turning towards Chatbots as a source of information. These chatbots, programmed by AI, aim to provide medical advice and information. However, when it comes to urology, ChatGPT, one of the most popular chatbots, may not be as reliable a source of information as we previously thought.
Christopher M. Deibert, MD, MPH, has pointed out that ChatGPT has a low rate of correct answers regarding clinical questions in urologic practice. While AI may be able to process a vast amount of information, it may not always be able to understand the nuances of the medical field.
One of the reasons for this low rate of correct answers is due to the fact that ChatGPT is not a certified medical practitioner. Urologists and other healthcare professionals have extensive training, which allows them to diagnose and treat patients. They examine patients in person and take into account various physical factors and subjective factors that can affect medical diagnosis. Chatbots, on the other hand, do not have any physical interaction with patients and solely rely on programmed algorithms to interpret data.
Moreover, ChatGPT's responses are based on data it has been programmed with, which can be outdated or incomplete. Medical information and techniques are constantly evolving, and this can cause confusion for patients who rely solely on chatbots for answers to their medical concerns.
ChatGPT not only has a low rate of correct answers regarding clinical questions in urologic practice, but it also makes certain types of errors that pose a risk of spreading medical misinformation. Patients who turn to Chatbots for medical advice may put their health at risk by relying on inaccurate medical information. The medical community has concerns about the reliability of these AI-powered chatbots, especially when it comes to interpreting medical scan results and advising on appropriate treatments and medications.
In conclusion, while AI-powered chatbots such as ChatGPT are a great way to quickly access medical information, they are not a substitute for in-person medical advice from certified medical practitioners. Patients should always consult their urologist or other qualified medical professionals for a personal and thorough examination and consultation to receive accurate medical advice. Using chatbots or online medical information without consulting a trained healthcare professional can be risky and may lead to inaccurate information, incorrect diagnosis, wrong treatments and in some cases severe health risks.
#trending #urology #ChatGPT #medicalinformation #medicalmisinformation ","","","Facebook","Transform.ai","","","","","","2023-06-15-14-39-15-141","https://akash.mittal.blog/web3/2023/6/13/Why-ChatGPT-might-not-be-a-reliable-source-for-urology-information.html","https://akash.mittal.blog/web3/2023/6/13/images/Why-ChatGPT-might-not-be-a-reliable-source-for-urology-information.jpeg"
